{
  "hash": "c3fad502",
  "configHash": "79570b0d",
  "lockfileHash": "714d1903",
  "browserHash": "59a37a69",
  "optimized": {
    "@angular/common": {
      "src": "../../../../../../node_modules/@angular/common/fesm2022/common.mjs",
      "file": "@angular_common.js",
      "fileHash": "1831a74f",
      "needsInterop": false
    },
    "@angular/common/http": {
      "src": "../../../../../../node_modules/@angular/common/fesm2022/http.mjs",
      "file": "@angular_common_http.js",
      "fileHash": "06aca9b4",
      "needsInterop": false
    },
    "@angular/core": {
      "src": "../../../../../../node_modules/@angular/core/fesm2022/core.mjs",
      "file": "@angular_core.js",
      "fileHash": "140f64f9",
      "needsInterop": false
    },
    "@angular/forms": {
      "src": "../../../../../../node_modules/@angular/forms/fesm2022/forms.mjs",
      "file": "@angular_forms.js",
      "fileHash": "09ceb7bf",
      "needsInterop": false
    },
    "@angular/platform-browser": {
      "src": "../../../../../../node_modules/@angular/platform-browser/fesm2022/platform-browser.mjs",
      "file": "@angular_platform-browser.js",
      "fileHash": "75da86c9",
      "needsInterop": false
    },
    "@angular/router": {
      "src": "../../../../../../node_modules/@angular/router/fesm2022/router.mjs",
      "file": "@angular_router.js",
      "fileHash": "7621b867",
      "needsInterop": false
    }
  },
  "chunks": {
    "chunk-7EKPPUJA": {
      "file": "chunk-7EKPPUJA.js"
    },
    "chunk-WREBD6OA": {
      "file": "chunk-WREBD6OA.js"
    },
    "chunk-YQPEOUL7": {
      "file": "chunk-YQPEOUL7.js"
    },
    "chunk-2UDGYMIF": {
      "file": "chunk-2UDGYMIF.js"
    }
  }
}